id;firstName;secondName;email;username;profilePicture
101;Mike;Wanderer;wander@mail.co;mwanderer;https://thumbs.dreamstime.com/z/portrait-young-handsome-wanderer-man-backpack-goes-down-road-copy-space-happy-hiker-walking-lonely-mountain-77995117.jpg
102;Tom;Walker;wwalker@mail.co;twalkerr;https://media.istockphoto.com/id/870739022/photo/adventurous-man-at-international-airport-using-mobile-smart-phone-wanderer-person-at-terminal.jpg?s=1024x1024&w=is&k=20&c=0MB-N8-HEvDEX7UlI_3EUuWrOEjJ_2xHoHdyg5BWAaI=
103;Body;Builder;bbuilderz@gmail.com;bbuilderr;https://www.thesun.co.uk/wp-content/uploads/2023/09/SC-Sam-Sulek-Transformation-Off-Plat-copy.jpg?strip=all&quality=100&w=1920&h=1080&crop=1
104;Big;Guy;bigfguy@build.com;bigfreakguy;https://i1.sndcdn.com/artworks-G9ot2GYSivqgdCy2-GUBv4A-t500x500.jpg
105;Neil;Reader;neil@reader.com;nreaderz;https://image.cnbcfm.com/api/v1/image/104180485-GettyImages-457207765.jpg?v=1529473684
106;Anika;Booker;abooker@fancy.com;annbookery;https://www.ebony.com/wp-content/uploads/2022/11/14/Blackwoman-reading-bookEBONY_GettyImages-1396555111-1.jpg
107;Tyson;Cycler;tcycler@bike.com;tcyclerbike;https://talksport.com/wp-content/uploads/sites/5/2020/04/Ben-Foster-1.jpg?strip=all&w=737&quality=40
108;Glenn;Rider;glrider@ride.com;glrider;https://naszosie.pl/wp-content/uploads/2016/04/Co-kolarz-powinien-wiedzie%C4%87-o-piwie-1-e1481665834602.jpg
109;Tim;Trucker;timtrucker@truck.com;truckfreak;https://cdn-trans.info/uploads/2019/02/8a5853405655ce29ccc1b0d142c.jpg
110;Pudzian;Monster;pudzianowski@dominator.pl;pudziangurom;https://cdn.galleries.smcloud.net/t/galleries/gf-Lyqy-gYQo-N7Hu_mariusz-pudzianowski-664x442.PNG
111;Hi;Flyer;hiflyer@fly.con;hiflyer;https://p0.pikist.com/photos/933/54/man-flying-manege-show-man-flying-merry-go-round.jpg
112;Warren;Diver;warrren@diver.com;warrdiver;https://www.planctondiving.cat/wp-content/uploads/2020/07/plancton-diving-submarinisme-bateig-ametlla-catalunya-cursos-scaled.jpg
113;Sue;Baru;sue@baru.com;suebaru;https://i.ytimg.com/vi/PEnp3A7juRI/maxresdefault.jpg
114;Hon;Da;hon@da.com;hondadrive;https://i.ytimg.com/vi/f9x74SlY1ik/hq720.jpg?sqp=-oaymwEhCK4FEIIDSFryq4qpAxMIARUAAAAAGAElAADIQj0AgKJD&rs=AOn4CLDIL4s3dtFcbvVnRHuIinsRYJ6sqQ
115;Nett;Flieks;net@flieks.com;netflixer;https://images.ctfassets.net/pjshm78m9jt4/1VEpJomcVMgbW4S6FMZvZY/1c25f6f0ee6b6f273ace09a2db474c4d/cardmapr-RQ8zOzo-x_k-unsplash.jpg
116;Chloe;Chilly;chill@drink.com;chillanddrink;https://ak.picdn.net/offset/photos/5fdb7e6a6f52af4409e7cfe1/medium/photo.jpg
117;Dan;Dancer;dan@dancer.co;dandancer;https://pointemagazine.com/wp-content/uploads/2021/10/CbjV1-163_Web_R1-crop-scaled.jpg
118;Shaki;Rah;shakira@dancer.co;shakedance;https://m.media-amazon.com/images/S/aplus-media-library-service-media/27e2dbce-7adc-4e91-9257-2e35d84dc0df.__CR0,0,970,600_PT0_SX970_V1___.jpg
119;Pat;Painter;painter@paint.win;painterpaint;https://miro.medium.com/v2/resize:fill:1200:900/g:fp:0.47:0.34/1*Y50-Ut4Bry8xIaC5YRlbrA.jpeg
120;Drew;Drawer;drew@drawer.io;drewdrawer;https://metro.co.uk/wp-content/uploads/2016/03/grab.jpg?quality=90&strip=all
121;Cat;Person;cat@person.cat;catperson;https://media-be.chewy.com/wp-content/uploads/2017/05/16104308/cat-person.jpg
122;Dog;Guy;dog@guy.com;dogguyy;https://people.com/thmb/oni3ZYC5MJBRdc_dI65sgjnex0s=/1500x0/filters:no_upscale():max_bytes(150000):strip_icc():focal(999x0:1001x2)/dog-hug-2f174202e9cf4b36bc6c81b196a6d7bd.jpg
123;Thaw;Bear;thebear@disney.com;thebear;https://ocdn.eu/images/pulscms/YWU7MDA_/e2794f80-a16a-40d0-9214-8146c3a12e16.jpeg
124;Faga;Tah;fagata@spotlight.com;fagathaa;https://nettu.pl/wp-content/uploads/2022/09/fagata-bez-makijazu-min.jpg
