Imie;Nazwisko;E-mail;Nickname
Scott;Davis;jasonbush@example.net;scodavis
Nicole;Sanders;ashleybrandon@example.org;nicsande
Jason;Durham;lwilson@example.org;jasdurha
Sandra;Donovan;wheelerbrittany@example.com;sandonov
Evan;Mahoney;andersonmonica@example.net;evamahon
Kenneth;Roach;williamspencer@example.com;kenroach
Mark;Carlson;galvanbarbara@example.org;marcarls
Edwin;Merritt;kennedyronald@example.com;edwmerri
Rodney;Moore;hwalker@example.net;rodmoore
Sara;Yang;cthompson@example.org;saryang
Richard;Thompson;hillkatherine@example.org;ricthomp
Megan;Serrano;elopez@example.net;megserra
Charles;Morgan;emma95@example.org;chamorga
Jeremy;Anderson;towen@example.org;jerander
April;Clark;parkeranthony@example.net;aprclark
Jacob;Allison;lroth@example.org;jacallis
Robert;Lynch;howardlinda@example.net;roblynch
Meredith;Daniel;lucastoni@example.net;merdanie
William;Raymond;afowler@example.org;wilraymo
John;Hansen;irobertson@example.net;johhanse
Kathryn;Lawrence;summersmichelle@example.com;katlawre
Amanda;Mcdonald;tyler19@example.com;amamcdon
Mark;Guerrero;alfredmeadows@example.net;marguerr
Danielle;Brown;whitejamie@example.com;danbrown
Lauren;Cantu;timothy47@example.com;laucantu
Stacy;Weaver;nancy83@example.com;staweave
Dawn;Perez;websterbrian@example.com;dawperez
Matthew;Manning;angelaowens@example.org;matmanni
Christopher;Rojas;aaron23@example.net;chrrojas
Jessica;Reed;ywagner@example.org;jesreed
Christine;Gonzalez;marissawright@example.com;chrgonza
Christopher;Underwood;timothysmith@example.com;chrunder
Brittany;Smith;elizabethtucker@example.com;brismith
Audrey;Harmon;colemananna@example.org;audharmo
Malik;Roberts;tracey55@example.net;malrober
Jennifer;Deleon;stephengarza@example.org;jendeleo
William;Wheeler;toddjoseph@example.com;wilwheel
Debra;Warner;scastillo@example.net;debwarne
Amber;Suarez;stanleystephanie@example.org;ambsuare
Hannah;Davis;xwright@example.org;handavis
Barbara;Nelson;mckenzielauren@example.com;barnelso
Kathryn;Carter;matthewhayes@example.org;katcarte
Helen;Chavez;chelsea80@example.com;helchave
Kyle;Warren;beckmichael@example.com;kylwarre
Cynthia;Russo;ipatterson@example.org;cynrusso
William;Hill;gray@example.com;wilhill
Nicole;Douglas;mcarlson@example.net;nicdougl
Matthew;Guzman;waltertaylor@example.org;matguzma
Nicole;Kidd;dholt@example.com;nickidd
Nicole;Hernandez;cortezmichelle@example.com;nicherna
Melanie;Mason;jennifer29@example.com;melmason
Julia;Lloyd;craig13@example.com;jullloyd
Rhonda;Frost;ivang@example.net;rhofrost
Dennis;Webb;patrick49@example.net;denwebb
Jessica;Solomon;tyler34@example.org;jessolom
Sherry;Walsh;pharris@example.com;shewalsh
Taylor;Wright;walshmelissa@example.com;taywrigh
Amy;Pace;smithjose@example.net;amypace
Casey;Sims;johnjohnson@example.com;cassims
Donald;Taylor;daniellestrickland@example.org;dontaylo
Ricky;Castro;wilsonjamie@example.org;riccastr
Carolyn;Johnson;walkertracy@example.com;carjohns
Anthony;Richardson;nelsonchelsea@example.org;antricha
Natasha;Scott;brandon42@example.com;natscott
Kenneth;Fischer;susandavis@example.org;kenfisch
Cynthia;Lewis;taylorclifford@example.org;cynlewis
Karen;Gibson;ncohen@example.org;kargibso
Tara;Jones;dennis17@example.com;tarjones
Kelli;Leonard;christopher40@example.net;kelleona
Shelby;Rodriguez;fsanchez@example.org;sherodri
Lisa;Aguilar;xcross@example.com;lisaguil
Sarah;Barton;dduncan@example.org;sarbarto
Erin;Dixon;rickrobinson@example.com;eridixon
Barbara;Faulkner;jenniferwang@example.net;barfaulk
Amanda;Roy;harrismichael@example.org;amaroy
Barry;Gould;arroyodonna@example.net;bargould
Jaime;Douglas;hannahfernandez@example.net;jaidougl
Diana;Stuart;michael90@example.org;diastuar
Monica;Perry;sean75@example.org;monperry
Lisa;Garner;derrick46@example.com;lisgarne
Dawn;Malone;rschneider@example.org;dawmalon
Brianna;Brown;jbennett@example.net;bribrown
Gary;Garner;derrickhowell@example.com;gargarne
Donna;Bright;ryanroach@example.org;donbrigh
Thomas;Joseph;brookeharrison@example.com;thojosep
Marie;Lewis;gwendolyndavis@example.com;marlewis
Michael;Hoffman;ballmichael@example.org;michoffm
James;Mckenzie;andrewssophia@example.com;jammcken
Kenneth;Mitchell;paul52@example.net;kenmitch
Howard;Combs;mercedesnichols@example.net;howcombs
Jenna;Ward;matthewcook@example.net;jenward
Jason;Mckay;osmith@example.net;jasmckay
Michelle;Pham;dholt@example.org;micpham
Kevin;Duncan;perezchristina@example.net;kevdunca
Phillip;Taylor;cordovalori@example.com;phitaylo
Sydney;Jenkins;teresabrown@example.net;sydjenki
Caitlin;Boone;steven01@example.net;caiboone
Edward;Smith;thomas59@example.org;edwsmith
John;Stewart;lindsaycannon@example.com;johstewa
Anna;Parker;mikejones@example.com;annparke
Allen;Dunlap;annettethompson@example.com;alldunla
Kathleen;Adams;michael81@example.org;katadams
David;Tyler;seanfisher@example.org;davtyler
John;Fritz;sandra14@example.net;johfritz
Brianna;Garcia;zstokes@example.org;brigarci
Kaitlyn;Benitez;alison28@example.com;kaibenit
Joyce;Booth;hallbrenda@example.net;joybooth
Jeffrey;Chapman;troymolina@example.net;jefchapm
Kyle;Cunningham;lwhite@example.net;kylcunni
James;Sparks;wileypatricia@example.com;jamspark
Pamela;Bryant;timothy34@example.org;pambryan
Rachel;Peterson;henryhill@example.net;racpeter
Jose;Miranda;ostevenson@example.net;josmiran
Cheryl;Cisneros;paulbrady@example.org;checisne
Rick;Robertson;zarmstrong@example.org;ricrober
Kimberly;Mccarthy;tsampson@example.net;kimmccar
Edward;Barton;xhall@example.org;edwbarto
Peter;Roach;rhenderson@example.com;petroach
Rhonda;Butler;thomasbaird@example.com;rhobutle
Sarah;Hebert;caitlinhart@example.net;sarheber
Jeanette;Flores;jodi00@example.net;jeaflore
Karen;Walker;colonbrian@example.org;karwalke
Nicholas;Gonzalez;hillpatricia@example.net;nicgonza
Pam;Mccullough;mitchellbaker@example.com;pammccul
Kristy;Jacobs;jeffreysmith@example.net;krijacob
Joshua;Rodriguez;pchambers@example.com;josrodri
Charlotte;Wells;eford@example.net;chawells
Sarah;Shields;mary08@example.com;sarshiel
Victor;Wood;cindymueller@example.org;vicwood
Michael;Foster;michaelrivera@example.net;micfoste
Joann;Mack;johnwilliams@example.net;joamack
Reginald;Roberson;christian01@example.org;regrober
Jessica;Thompson;nmorgan@example.net;jesthomp
Robert;Cuevas;bartonleah@example.com;robcueva
Jesus;Perez;jmorgan@example.org;jesperez
Ryan;Petty;shunt@example.org;ryapetty
Colleen;Jackson;justin44@example.net;coljacks
Laura;Rivas;wgoodwin@example.com;laurivas
Patrick;Mathews;josepatrick@example.org;patmathe
Tiffany;Garcia;egreene@example.net;tifgarci
John;Spencer;nthompson@example.com;johspenc
Sarah;Simon;andradegregory@example.net;sarsimon
Billy;Reynolds;mfields@example.net;bilreyno
Andrew;Parker;wrichardson@example.com;andparke
Carl;Burgess;christian21@example.com;carburge
David;Cordova;jbutler@example.com;davcordo
Eric;Fisher;jennavargas@example.org;erifishe
William;Goodman;charles65@example.net;wilgoodm
James;Joyce;zscott@example.net;jamjoyce
John;Douglas;kristenmason@example.org;johdougl
Mandy;Johnson;cassandracastillo@example.com;manjohns
Katherine;Russo;brittneynichols@example.com;katrusso
Stephen;Henson;fwilliams@example.net;stehenso
Joseph;Castillo;hcochran@example.org;joscasti
Steve;Young;john49@example.net;steyoung
Jacqueline;Brandt;lydiacollins@example.org;jacbrand
Madison;Phillips;manninggregory@example.org;madphill
Jasmine;Kirby;pmccoy@example.com;jaskirby
Mary;Cameron;peterwilliams@example.com;marcamer
Barbara;Brooks;bradrice@example.org;barbrook
Ronald;Zavala;mdodson@example.com;ronzaval
Craig;Oliver;ujones@example.com;craolive
Evan;Vang;hhayes@example.org;evavang
Deborah;Mays;jeremy52@example.org;debmays
Nancy;Walker;maria59@example.com;nanwalke
Amanda;Lang;johnsonbrenda@example.net;amalang
Michele;Paul;debbielamb@example.net;micpaul
Steven;Barker;dsteele@example.net;stebarke
Victoria;Green;ghunt@example.org;vicgreen
James;Henderson;mleach@example.org;jamhende
Scott;Smith;sheryl99@example.org;scosmith
Ariana;Wheeler;icollins@example.net;ariwheel
Stephanie;Orr;hollycopeland@example.org;steorr
Stephanie;Townsend;cclark@example.org;stetowns
Bonnie;Ramirez;glee@example.org;bonramir
Derek;Thompson;jacobsonmichael@example.org;derthomp
Jennifer;Atkins;jennifer05@example.net;jenatkin
Jeanne;Price;jacob49@example.org;jeaprice
James;Patterson;wmoore@example.org;jampatte
Rachel;Mclaughlin;hallamanda@example.net;racmclau
Laura;Armstrong;gmiller@example.net;lauarmst
Shawn;Navarro;allenkrista@example.com;shanavar
Richard;Daniels;frazierlisa@example.com;ricdanie
Travis;Dillon;carterteresa@example.com;tradillo
Cynthia;Davies;hbrady@example.com;cyndavie
Amanda;Bennett;jacqueline28@example.com;amabenne
Matthew;Roberts;justin67@example.com;matrober
Jamie;Hunter;jacob04@example.net;jamhunte
Jenny;Garcia;brownanthony@example.net;jengarci
Jennifer;Flores;tellis@example.net;jenflore
Nathaniel;Thornton;mestes@example.com;natthorn
Colleen;Thomas;smithmatthew@example.net;colthoma
Brian;Nelson;millermichelle@example.org;brinelso
Gregory;Crane;meganstuart@example.com;grecrane
Wesley;Mccarthy;lvaughan@example.org;wesmccar
Denise;Chen;colemanrobert@example.com;denchen
Erin;Greene;josephsalinas@example.org;erigreen
Edward;Mcdaniel;billy59@example.com;edwmcdan
Matthew;Mckinney;brianchang@example.org;matmckin
Robert;Carrillo;stevenblake@example.org;robcarri
Frank;Conway;awilliams@example.com;fraconwa
Paul;Cowan;hughesdaniel@example.org;paucowan
Jennifer;Mueller;wwalton@example.net;jenmuell
Tara;Grant;brookstanya@example.org;targrant
Kathy;Porter;vincenttrevino@example.com;katporte
Mark;Klein;joelperry@example.net;marklein
Eric;Scott;lvasquez@example.com;eriscott
Brandon;Ross;amybeasley@example.net;braross
Yvonne;Bright;bmahoney@example.org;yvobrigh
Jennifer;Conway;spacheco@example.org;jenconwa
Jennifer;Cooke;trankristin@example.com;jencooke
James;Fischer;colleenmullins@example.org;jamfisch
Monica;Ray;rosspatricia@example.com;monray
Amanda;Johnson;jenniferrobertson@example.net;amajohns
Douglas;Mcfarland;vfigueroa@example.net;doumcfar
Caitlin;Compton;floresstephen@example.com;caicompt
Joseph;Davis;lblair@example.org;josdavis
Noah;Owens;eatkinson@example.org;noaowens
Shane;Moore;bburton@example.net;shamoore
Selena;Mathews;rmiles@example.com;selmathe
Christopher;Campbell;richardslatoya@example.org;chrcampb
Monique;Gomez;sabrina20@example.net;mongomez
Tiffany;Johnston;sescobar@example.net;tifjohns
Thomas;Lopez;garrett81@example.net;tholopez
Kimberly;Robinson;johnsonjeffery@example.org;kimrobin
Ashley;Cook;cameron75@example.org;ashcook
Jennifer;Murray;qshepherd@example.net;jenmurra
Audrey;Thomas;bradymiller@example.org;audthoma
Ashley;King;lauren14@example.net;ashking
Samantha;Adams;harrisdustin@example.org;samadams
Brian;Diaz;reidangela@example.com;bridiaz
Mary;Hurley;robert12@example.org;marhurle
Jennifer;Miller;james14@example.net;jenmille
Shannon;Jackson;vpowell@example.net;shajacks
Brian;Sullivan;bakersusan@example.com;brisulli
Christina;Molina;ashlee08@example.net;chrmolin
Dylan;Griffin;smithsamantha@example.net;dylgriff
Lawrence;House;dleach@example.net;lawhouse
Stacy;Hill;kellerbarbara@example.com;stahill
David;Martinez;james26@example.com;davmarti
Karen;Carlson;vickihamilton@example.com;karcarls
Heather;Peterson;hensonbobby@example.com;heapeter
Russell;Garcia;kristenlarson@example.net;rusgarci
Stephanie;Boyd;sabrinalewis@example.net;steboyd
Ruth;Johnson;millerkylie@example.org;rutjohns
Julian;Lopez;alex57@example.com;jullopez
David;Bautista;michaelrios@example.com;davbauti
Charlene;Bell;gibsonadrian@example.org;chabell
Michael;Adams;oconnorjulia@example.org;micadams
Miranda;Olson;vlynch@example.org;mirolson
Samantha;Conrad;sharon36@example.net;samconra
Kim;Madden;troyross@example.com;kimmadde
Summer;Bautista;annaweber@example.net;sumbauti
James;Schultz;scott72@example.org;jamschul
Kelsey;Hill;dharris@example.org;kelhill
Patrick;Sparks;zanderson@example.com;patspark
Joseph;Black;aaron92@example.net;josblack
Danielle;Weaver;johnsonandre@example.net;danweave
Kelly;Jones;phillipsamanda@example.com;keljones
Eric;Smith;laurarichardson@example.org;erismith
Tiffany;Wheeler;christophernunez@example.net;tifwheel
Michelle;Parker;derek30@example.org;micparke
Janet;Gonzalez;fpittman@example.net;jangonza
Stephen;Johnson;kevinduncan@example.net;stejohns
Scott;Cuevas;halllarry@example.net;scocueva
Brandon;Gomez;wrhodes@example.net;bragomez
Christine;Wood;ashleywood@example.net;chrwood
Abigail;Dunn;youngelizabeth@example.com;abidunn
Jeffrey;Herman;mjenkins@example.org;jefherma
Lisa;Ashley;victoriasmith@example.org;lisashle
Jamie;Nelson;sullivanleroy@example.net;jamnelso
Julia;Newman;owhite@example.net;julnewma
Randall;Case;zhenson@example.com;rancase
Linda;Green;kellyhernandez@example.com;lingreen
William;Young;onguyen@example.com;wilyoung
Donna;Day;jacobswilliam@example.net;donday
Valerie;Quinn;rosslinda@example.org;valquinn
Roy;Caldwell;scarlson@example.net;roycaldw
Katherine;Petty;lisa25@example.org;katpetty
Bradley;Parks;kbrady@example.org;braparks
Jessica;Thompson;gjohnson@example.net;jesthomp1
Amy;Sawyer;hvasquez@example.net;amysawye
Kenneth;Carpenter;garzaapril@example.com;kencarpe
Laura;Davies;mclaughlinreginald@example.com;laudavie
Linda;Sullivan;jpeters@example.org;linsulli
Linda;Howell;figueroaseth@example.com;linhowel
Whitney;Davis;tiffany34@example.com;whidavis
Andrew;Hill;owilliams@example.net;andhill
Katherine;Singh;edwardsdustin@example.org;katsingh
Kyle;Doyle;lauren36@example.com;kyldoyle
Timothy;Brock;cwalker@example.com;timbrock
Ryan;Johnson;stevensmith@example.net;ryajohns
Marc;Craig;gmyers@example.net;marcraig
Zachary;Velasquez;brianquinn@example.com;zacvelas
Gregory;Alexander;aaron80@example.com;grealexa
Derek;Mack;cherylsherman@example.org;dermack
Paul;Johnson;millertodd@example.org;paujohns
Johnny;Johnson;madisonmedina@example.net;johjohns
Arthur;Livingston;hoffmanlindsay@example.com;artlivin
Kristen;Stone;mstephens@example.org;kristone
Monica;Hoffman;philipnolan@example.net;monhoffm
Debbie;Ayala;benjamin40@example.net;debayala
Pamela;Rogers;idaniels@example.com;pamroger
Bailey;Brandt;valdezryan@example.com;baibrand
Debra;Barnes;michelle52@example.com;debbarne
Michael;Shepard;ortizlaura@example.net;micshepa
Sandra;Frank;christopherwashington@example.com;sanfrank
Susan;Wright;acarney@example.net;suswrigh
Tracy;Ortega;keith75@example.net;traorteg
Teresa;Mccoy;christopherday@example.com;termccoy
Kathy;Thompson;heather78@example.net;katthomp
Angie;Rice;brittany96@example.com;angrice
Pamela;Bailey;timothy15@example.org;pambaile
Cynthia;Sharp;jasonvazquez@example.org;cynsharp
David;Porter;vabbott@example.net;davporte
Deborah;Powell;butlerluis@example.org;debpowel
Kyle;Wallace;smithjorge@example.com;kylwalla
Christine;Kelly;hwerner@example.com;chrkelly
Katrina;Perry;charles60@example.org;katperry
Margaret;Flynn;mcphersonjoseph@example.com;marflynn
Rachel;Tran;barbarataylor@example.org;ractran
David;Turner;zcarney@example.org;davturne
Darrell;Knight;charles54@example.net;darknigh
Kaitlyn;Christian;crossscott@example.org;kaichris
Karen;Harris;williampratt@example.com;karharri
Bethany;Diaz;susansimon@example.org;betdiaz
Kristina;Dalton;anthonydavis@example.org;kridalto
Kayla;Mitchell;cjohnson@example.net;kaymitch
Jocelyn;Shaw;cbaker@example.net;jocshaw
Justin;Thompson;eugene06@example.org;justhomp
Victor;Bryant;kristine54@example.net;vicbryan
Edward;Cameron;fgreen@example.org;edwcamer
Jessica;Hunt;ellisashley@example.com;jeshunt
Julie;Tran;phillipsjoshua@example.com;jultran
George;Lewis;lynchsandra@example.org;geolewis
Francisco;Smith;william14@example.com;frasmith
Eric;Bishop;daniel94@example.com;eribisho
Anna;Smith;whitejames@example.com;annsmith
Rebecca;Adams;cschmidt@example.com;rebadams
Bobby;Reynolds;joseph65@example.net;bobreyno
Cassie;Morris;jessicakim@example.net;casmorri
Angel;Allen;troy23@example.com;angallen
Brian;Stafford;anthonyscott@example.com;bristaff
Ariel;George;alexandersharon@example.org;arigeorg
Carl;Green;kellybeth@example.net;cargreen
Melissa;Smith;nicole38@example.com;melsmith
Ian;Lawrence;brightlauren@example.net;ianlawre
Carolyn;Gutierrez;ashleymonroe@example.net;cargutie
Cindy;Bishop;renee46@example.org;cinbisho
Edward;Chung;lindsey14@example.org;edwchung
Shelby;Stevens;murphyamanda@example.com;shesteve
Darryl;Nunez;mdavis@example.com;darnunez
Tiffany;Medina;sandovalrobert@example.com;tifmedin
Jose;Bauer;qmorrison@example.net;josbauer
Bruce;Gonzalez;fosterjason@example.com;brugonza
Eric;Howard;campbellpamela@example.org;erihowar
Catherine;Ellis;khardy@example.net;catellis
Donna;Bryant;rosarioalyssa@example.net;donbryan
Laurie;Howard;ogoodwin@example.org;lauhowar
Gloria;Molina;robertnguyen@example.net;glomolin
Logan;Martin;lozanojustin@example.net;logmarti
Laura;Andrews;matthewperez@example.org;lauandre
Judy;Watson;tjones@example.net;judwatso
Melissa;Livingston;robertsbrent@example.com;mellivin
Melissa;Cole;fbecker@example.org;melcole
Faith;Webb;pallen@example.com;faiwebb
Colin;Horton;webbsusan@example.org;colhorto
Xavier;Butler;michael26@example.com;xavbutle
Amy;Richard;richardcohen@example.com;amyricha
Heather;Smith;kyliemurphy@example.com;heasmith
Patricia;Strong;powellwayne@example.org;patstron
Ralph;Shelton;baileydebra@example.net;ralshelt
Heather;Washington;jgarcia@example.com;heawashi
Derek;Williams;kyliefletcher@example.net;derwilli
Victoria;Perez;caitlinstone@example.com;vicperez
Ronald;Foster;bmiles@example.org;ronfoste
Jerry;Chavez;sarah19@example.org;jerchave
Connie;Frazier;eperry@example.net;confrazi
Willie;Chavez;kristi57@example.com;wilchave
Cynthia;Moore;xcannon@example.com;cynmoore
Alan;Jones;rgonzales@example.com;alajones
Ivan;Wade;macosta@example.org;ivawade
Hannah;Schneider;veronica93@example.com;hanschne
Adam;Rogers;williamsanthony@example.com;adaroger
Carol;Ramirez;christopherchase@example.net;carramir
Amanda;Morris;estradabenjamin@example.org;amamorri
Oscar;Perkins;nicholas53@example.net;oscperki
Jennifer;Foster;gdominguez@example.org;jenfoste
Anthony;Adkins;caldwelljulie@example.com;antadkin
James;Hill;vasquezmary@example.com;jamhill
Kristin;Yang;ashley87@example.com;kriyang
Shelby;Williams;thomasedwards@example.org;shewilli
Jose;Shepard;preese@example.org;josshepa
Christina;Cunningham;tbright@example.net;chrcunni
Corey;Clark;aleblanc@example.net;corclark
Anthony;Chambers;mariobennett@example.com;antchamb
Jeremy;Smith;sanchezdaniel@example.org;jersmith
Michelle;Fuller;cody62@example.org;micfulle
Steven;Arnold;ireid@example.com;stearnol
Elizabeth;Greer;johnsonjennifer@example.org;eligreer
Stephen;Mendez;douglastimothy@example.com;stemende
John;Rodriguez;vbates@example.net;johrodri
Catherine;Stewart;tbarnes@example.com;catstewa
Kimberly;Cole;velasquezpeter@example.com;kimcole
Linda;Davenport;johnharrison@example.com;lindaven
Isaiah;Johnson;griffithscott@example.com;isajohns
Curtis;Baird;andrewsullivan@example.org;curbaird
Bradley;Hanna;wreynolds@example.com;brahanna
Andrew;Mann;barbaramerritt@example.org;andmann
Jasmine;Hughes;dbryant@example.net;jashughe
Kevin;York;andreabeasley@example.net;kevyork
Charlene;Cole;wmay@example.com;chacole
Danielle;Santos;hannahdavis@example.com;dansanto
Samantha;Hunter;hphelps@example.com;samhunte
Greg;Mcfarland;gavin35@example.org;gremcfar
Brian;Morris;kerrjennifer@example.net;brimorri
Shannon;Kemp;davidgray@example.org;shakemp
Todd;Potter;nunezhunter@example.net;todpotte
Sean;Boyd;nwilliams@example.com;seaboyd
Michelle;Pope;huangdaniel@example.net;micpope
Shelby;Lawson;marquezjoshua@example.com;shelawso
Samantha;Espinoza;hickscrystal@example.org;samespin
Janet;Villegas;josecrosby@example.org;janville
Kevin;Fleming;stonerobert@example.net;kevflemi
Alicia;Moore;bennetterin@example.net;alimoore
Brian;Klein;barretthannah@example.org;briklein
Henry;Thomas;wallsteven@example.com;henthoma
Scott;Robinson;smithsean@example.com;scorobin
Erica;Bennett;kgonzalez@example.org;eribenne
Gregory;Garrison;selenacook@example.org;gregarri
Caitlin;Washington;todd36@example.com;caiwashi
Amy;Gilbert;prichardson@example.org;amygilbe
Christine;Fleming;woodsnathan@example.com;chrflemi
Randy;Baxter;usmith@example.net;ranbaxte
Daniel;Robbins;monica95@example.com;danrobbi
Tina;Johnson;jeffreysummers@example.org;tinjohns
Cynthia;Martin;eallen@example.com;cynmarti
William;Pacheco;emilygilbert@example.org;wilpache
Audrey;Freeman;patricia27@example.com;audfreem
Brooke;Smith;kstevenson@example.org;brosmith
Mary;Lloyd;laurahuffman@example.org;marlloyd
Barbara;Baker;dale71@example.org;barbaker
Frank;Wallace;brookssusan@example.com;frawalla
Jennifer;Mitchell;robert53@example.org;jenmitch
Melissa;Houston;zpeck@example.net;melhoust
Corey;White;zharper@example.org;corwhite
Martha;Smith;kimberly11@example.com;marsmith
Bridget;Stevens;shunter@example.net;bristeve
Julie;Boyd;raymondnolan@example.net;julboyd
Margaret;Hartman;gerald16@example.com;marhartm
Allison;Murillo;stevensmith@example.org;allmuril
Dawn;Johnson;lisa25@example.net;dawjohns
Christopher;Walsh;deborahwade@example.org;chrwalsh
Robert;Murphy;andrew15@example.org;robmurph
Leslie;Austin;christopher47@example.com;lesausti
Patricia;Johnson;millerselena@example.org;patjohns
Michael;Mcclain;ricardo27@example.net;micmccla
Lisa;Vasquez;julie54@example.net;lisvasqu
Shawn;Simpson;josephmclaughlin@example.com;shasimps
Randy;Ramsey;heather87@example.com;ranramse
Daniel;Nguyen;marthamason@example.org;dannguye
Marissa;Walters;rchurch@example.com;marwalte
Ricardo;Jones;alarson@example.net;ricjones
Sabrina;Patterson;johnhernandez@example.com;sabpatte
Gregory;Arnold;estewart@example.net;grearnol
Jacob;Thompson;eellis@example.net;jacthomp
Jessica;Zavala;molly46@example.net;jeszaval
Daniel;Heath;radams@example.org;danheath
James;Blackwell;mcbridevictor@example.net;jamblack
Lori;Mullins;krystal97@example.org;lormulli
Jeffery;Freeman;parkerkevin@example.com;jeffreem
Adam;Gutierrez;tanya59@example.net;adagutie
Sabrina;Fowler;gabrielwaters@example.org;sabfowle
Frank;Ward;markrussell@example.org;fraward
Tracy;Jordan;paulchristine@example.net;trajorda
Maria;Avila;jamescolton@example.net;maravila
Donald;Wilson;patrickadam@example.com;donwilso
Robert;Wilson;elizabethfrancis@example.org;robwilso
Jenny;Goodwin;shawnanewton@example.net;jengoodw
April;Spencer;delgadoanthony@example.net;aprspenc
Michael;Wilcox;connertravis@example.org;micwilco
Michael;Thompson;nstevens@example.net;micthomp
Daniel;Caldwell;kylepowell@example.org;dancaldw
Gerald;Anderson;levirangel@example.com;gerander
Christina;Clark;anthony30@example.com;chrclark
Michelle;Munoz;ngates@example.net;micmunoz
Patrick;Salazar;amcdonald@example.org;patsalaz
Brian;Wallace;jennifermacdonald@example.com;briwalla
Holly;Richardson;bhall@example.org;holricha
Diana;Pace;qlong@example.com;diapace
Timothy;Allen;garciasteven@example.org;timallen
Stuart;Rich;joelmcdaniel@example.net;sturich
Carl;Sims;meghanshannon@example.org;carsims
George;Cook;joneseddie@example.com;geocook
Carrie;Robinson;ywells@example.net;carrobin
Yvonne;Phillips;jeffreyhouston@example.net;yvophill
Christopher;Warren;blake90@example.com;chrwarre
Adam;White;wangjoshua@example.com;adawhite
Samuel;Wheeler;browninggloria@example.net;samwheel
Connie;Harrison;fkelley@example.com;conharri
Christopher;Fox;pdougherty@example.net;chrfox
Melissa;Knox;maria30@example.net;melknox
Rachel;Carney;hmahoney@example.net;raccarne
Elizabeth;Kim;amy24@example.com;elikim
William;Stone;vanessajones@example.net;wilstone
Morgan;Perry;maryanderson@example.net;morperry
Danielle;James;aellis@example.com;danjames
Brandon;Simpson;maryduran@example.net;brasimps
Emily;King;vlara@example.net;emiking
Jennifer;Williams;xromero@example.com;jenwilli
Nicole;Sims;sarahclark@example.org;nicsims
Ricky;Ochoa;mollyrich@example.net;ricochoa
Sherry;Andrews;kbruce@example.org;sheandre
Monique;Allen;jenniferclay@example.net;monallen
Elizabeth;Mcdowell;adrianriggs@example.com;elimcdow
Kelsey;Parsons;joshua59@example.com;kelparso
James;Conner;lutzrachel@example.com;jamconne
Tina;Thomas;olivia57@example.com;tinthoma
Regina;Brown;fmyers@example.com;regbrown
Edward;Brown;pattylamb@example.org;edwbrown
Tiffany;Vega;rmiller@example.net;tifvega
Lisa;Alexander;christopher71@example.net;lisalexa
Holly;Jordan;michaelsmith@example.com;holjorda
Nicole;Eaton;careycheryl@example.net;niceaton
Angela;Molina;welchgeorge@example.net;angmolin
Michelle;Foster;charlesaguilar@example.org;micfoste1
Brenda;Ortiz;simpsoncalvin@example.org;breortiz
Joshua;Bennett;brittneybaxter@example.org;josbenne
Laura;Mitchell;james01@example.com;laumitch
Robert;Mayo;andrewshort@example.net;robmayo
Donna;Acosta;wweaver@example.org;donacost
Lisa;Hanson;owensalicia@example.com;lishanso
Dwayne;Gonzales;francisco77@example.net;dwagonza
Timothy;Wood;rebeccaadkins@example.com;timwood
Audrey;Moore;fordcody@example.org;audmoore
Sheila;Morales;qhoward@example.com;shemoral
Terri;Haynes;rmitchell@example.net;terhayne
John;Johnson;tnelson@example.com;johjohns1
Mary;Turner;qjackson@example.org;marturne
Christopher;Ellis;courtney84@example.com;chrellis
Angelica;Chavez;adamholland@example.org;angchave
Ashley;Waller;myerslaura@example.org;ashwalle
Janet;Adams;carla70@example.org;janadams
Travis;Kirk;csullivan@example.com;trakirk
Richard;Phillips;palmersamuel@example.org;ricphill
Monica;Reeves;vsmith@example.com;monreeve
Sarah;Martin;dorisbridges@example.org;sarmarti
Karina;Miller;mary55@example.com;karmille
Tyler;Phillips;wweaver@example.net;tylphill
Tyler;Roberts;pattersonamy@example.net;tylrober
Heather;Hunt;tarapatterson@example.net;heahunt
Michelle;Briggs;ofitzpatrick@example.net;micbrigg
Christina;Campbell;gregoryphelps@example.com;chrcampb1
Lisa;Williamson;erikalopez@example.net;liswilli
Kelly;Mcgee;robert76@example.com;kelmcgee
Ashley;Kennedy;leejocelyn@example.com;ashkenne
William;Strong;joeldavila@example.net;wilstron
Lawrence;Hutchinson;dhammond@example.org;lawhutch
Denise;Matthews;stevenyoung@example.net;denmatth
Paul;Hill;xfoster@example.net;pauhill
Christopher;Jones;shawndavis@example.org;chrjones
James;Christensen;pbolton@example.net;jamchris
Matthew;Atkinson;sherrinorman@example.net;matatkin
Adam;Cooper;donnagarcia@example.com;adacoope
Barbara;Walker;qpalmer@example.com;barwalke
Charles;Rojas;markfitzgerald@example.org;charojas
Eric;Sullivan;cody99@example.net;erisulli
Tammy;Banks;deniseramos@example.net;tambanks
Jeff;English;imiller@example.com;jefengli
Janice;Kim;allenbrett@example.org;jankim
Kyle;Rivera;zsalazar@example.com;kylriver
Sara;Brown;humphreyanna@example.org;sarbrown
Rebekah;Nelson;matthew08@example.com;rebnelso
Carl;Coleman;sandovalsamuel@example.com;carcolem
Brent;Rodriguez;amberbridges@example.net;brerodri
Jason;Smith;jacksonheather@example.net;jassmith
Jeffrey;Smith;stacyjohnson@example.org;jefsmith
Katherine;Gilbert;sandracohen@example.net;katgilbe
David;Savage;antonio13@example.com;davsavag
Sonya;Alvarez;sherry78@example.com;sonalvar
Eric;Harper;colemichael@example.net;eriharpe
Lucas;Lee;ryan56@example.net;luclee
John;Munoz;jimenezjamie@example.com;johmunoz
Stephanie;Raymond;smithryan@example.com;steraymo
Mackenzie;Morton;sheriavery@example.com;macmorto
Tammy;Schneider;csavage@example.net;tamschne
Brandon;Tucker;kkramer@example.com;bratucke
Clayton;Moore;joy04@example.com;clamoore
Elizabeth;Lee;michellerivera@example.com;elilee
Amanda;Baker;keith67@example.org;amabaker
Elizabeth;Anderson;teresa51@example.net;eliander
Joseph;Oneal;frenchchristopher@example.org;josoneal
Jason;Nguyen;rileyroy@example.net;jasnguye
James;Clark;parkerjessica@example.org;jamclark
Lauren;Campbell;christopher72@example.org;laucampb
Amanda;Quinn;scottsusan@example.org;amaquinn
Rachel;Carter;ramirezjoanna@example.org;raccarte
Sean;Lee;olsonvictoria@example.org;sealee
Cody;Smith;jbryant@example.org;codsmith
Donna;Walters;michael76@example.net;donwalte
Alexis;Jenkins;wilsondouglas@example.org;alejenki
Whitney;Garcia;vmorrison@example.net;whigarci
Linda;Franklin;igarrett@example.org;linfrank
Travis;Barnes;rachelarmstrong@example.com;trabarne
Philip;Wang;jamessmith@example.com;phiwang
Amy;Fitzgerald;christophersteele@example.org;amyfitzg
Lisa;Fisher;susanwhite@example.net;lisfishe
Timothy;Alvarez;bellchristina@example.org;timalvar
Jeffery;Padilla;jeremy81@example.com;jefpadil
Tom;Carson;christinapalmer@example.net;tomcarso
Patrick;Roberts;samanthafinley@example.com;patrober
Anthony;Barnett;michellelara@example.com;antbarne
Julie;West;david60@example.org;julwest
Shelly;Hall;sarah95@example.com;shehall
Samuel;Jenkins;rodneyhoward@example.net;samjenki
Johnathan;Davis;melissaosborne@example.org;johdavis
Brenda;Griffin;kim36@example.com;bregriff
Joy;Harmon;lsullivan@example.com;joyharmo
James;Douglas;allen87@example.org;jamdougl
Rebecca;Miller;rwilliamson@example.com;rebmille
Savannah;Simpson;vwang@example.net;savsimps
Jeffery;Maxwell;tracey61@example.net;jefmaxwe
Beverly;Moore;uhobbs@example.com;bevmoore
Lindsey;Nguyen;bennettcarol@example.org;linnguye
Ryan;Fernandez;jessica99@example.com;ryaferna
Justin;Hendricks;amy01@example.org;jushendr
Harry;Austin;ibooth@example.org;harausti
Leah;Flores;leeedward@example.org;leaflore
Daniel;Frazier;lauralee@example.org;danfrazi
Tyler;Brooks;briannaclements@example.org;tylbrook
Julie;Blackwell;campbellchristopher@example.org;julblack
Vanessa;Jones;jgibson@example.org;vanjones
Jennifer;Meyers;luis98@example.net;jenmeyer
Patricia;Lambert;agomez@example.com;patlambe
Ronald;Clark;amandadaugherty@example.net;ronclark
Michael;Gutierrez;ronnie90@example.org;micgutie
Kathleen;Johnson;fowlerryan@example.com;katjohns
Nicholas;Rich;burnsjames@example.net;nicrich
David;Reyes;clinejose@example.org;davreyes
Joseph;Hensley;carly37@example.org;joshensl
Taylor;May;pgray@example.com;taymay
Eric;Gilbert;knightkevin@example.com;erigilbe
Justin;Collins;dunderwood@example.net;juscolli
David;Shaw;duncanjohnny@example.org;davshaw
Kevin;Hansen;tinaterry@example.net;kevhanse
Kelly;Oconnor;eestrada@example.org;keloconn
Douglas;Smith;heather41@example.net;dousmith
Joshua;Smith;hgonzalez@example.com;jossmith
Walter;Foster;owenswilliam@example.net;walfoste
Ann;Pennington;banderson@example.net;annpenni
Andrew;Jones;phillipsamber@example.net;andjones
Laura;Paul;albert28@example.com;laupaul
Kelly;Jackson;mcintyreshaun@example.net;keljacks
Jennifer;Cuevas;nicholasbush@example.net;jencueva
Christina;Rodriguez;ybarnes@example.org;chrrodri
Jennifer;Gutierrez;twright@example.com;jengutie
Kyle;Brown;nsilva@example.org;kylbrown
Bernard;Riley;bradleyjose@example.com;berriley
Lindsay;Wells;mwilson@example.com;linwells
Thomas;Pham;pittmandanielle@example.org;thopham
Marcus;Jensen;campbellphilip@example.net;marjense
Juan;Bauer;catherinenavarro@example.com;juabauer
Lynn;Gill;joseph14@example.com;lyngill
John;White;sarahorton@example.org;johwhite
Miranda;Watts;tonya35@example.com;mirwatts
Sierra;Young;garciadavid@example.org;sieyoung
Victoria;Jones;april72@example.net;vicjones
Michelle;Jenkins;snyderandrew@example.org;micjenki
Donald;Marshall;georgecurry@example.com;donmarsh
Victoria;Smith;gpeterson@example.net;vicsmith
Dustin;White;victoriarodriguez@example.com;duswhite
Melanie;Terry;rushjoshua@example.com;melterry
Raymond;Koch;kathypowell@example.net;raykoch
Brittney;Smith;rodriguezkaren@example.org;brismith1
Colin;Moreno;randall53@example.com;colmoren
Ashley;Davis;john38@example.com;ashdavis
April;Stanley;jcarter@example.com;aprstanl
Daniel;Lane;vsingh@example.org;danlane
Michael;Parker;umooney@example.net;micparke1
Joshua;Schmidt;folson@example.com;josschmi
Michael;Edwards;ericwebster@example.net;micedwar
Janice;Morgan;stephen20@example.net;janmorga
Jared;Lucas;josestuart@example.net;jarlucas
Anne;Garcia;angelajohnson@example.net;anngarci
Ethan;James;millercristina@example.net;ethjames
Stephanie;Palmer;leerobert@example.net;stepalme
Joseph;Wilson;allen08@example.net;joswilso
Daniel;Walker;myerstina@example.net;danwalke
Frank;Harmon;alejandro30@example.net;fraharmo
Heidi;Lee;brittanyallen@example.com;heilee
Haley;Munoz;floydcarlos@example.com;halmunoz
Nicole;Aguilar;grahamdonna@example.com;nicaguil
Emily;Snyder;millersarah@example.com;emisnyde
Julie;Wilson;davidpeterson@example.net;julwilso
Bonnie;Hill;james00@example.org;bonhill
Steven;Hughes;stephensonkayla@example.com;stehughe
Kimberly;Carter;jessicawilliamson@example.net;kimcarte
Donald;Stone;ulowe@example.org;donstone
Frank;Arnold;michael35@example.com;fraarnol
Jennifer;Bush;holmespatricia@example.net;jenbush
Mary;Chen;brian73@example.net;marchen
Diana;Roberts;sconrad@example.com;diarober
Cory;Wells;areeves@example.org;corwells
Kerry;Waters;ricedonald@example.com;kerwater
Lori;Mays;carmen16@example.com;lormays
Bruce;Moss;michael76@example.org;brumoss
Jeremy;Proctor;blevinsdavid@example.net;jerproct
Jesus;Mueller;elizabeth97@example.net;jesmuell
Jesse;Allen;villegasshawna@example.org;jesallen
John;Bates;lnelson@example.net;johbates
Paul;Gibson;bryanmorgan@example.org;paugibso
Melanie;Cole;tgonzalez@example.org;melcole1
Brandon;Munoz;jillvance@example.org;bramunoz
Natalie;Miller;allenlaurie@example.org;natmille
Jonathan;Holmes;knightwalter@example.org;jonholme
James;Morris;andrewharper@example.net;jammorri
Maria;Jones;nmartinez@example.org;marjones
Jessica;Blackburn;alexisbradford@example.net;jesblack
Carrie;Cooper;tonyamurphy@example.org;carcoope
Levi;Adams;rickhayes@example.com;levadams
Kevin;Dalton;tonylittle@example.net;kevdalto
Debra;Moore;cheryl53@example.com;debmoore
Tamara;Nixon;seanjones@example.org;tamnixon
Shane;Harris;mark12@example.org;shaharri
Christopher;Rice;davisdonna@example.com;chrrice
Roberta;Gonzalez;caseylisa@example.org;robgonza
Sonia;Clark;dakotahays@example.com;sonclark
Lori;Meyer;codylang@example.net;lormeyer
Paula;Harris;yvonnegarcia@example.org;pauharri
Robin;Mendez;justinevans@example.org;robmende
Andrea;Donaldson;stevenpayne@example.org;anddonal
David;English;wstrickland@example.com;davengli
Sarah;Burton;angelawashington@example.org;sarburto
David;Shields;carl82@example.org;davshiel
Lauren;Frederick;lknapp@example.net;laufrede
Gary;White;qbird@example.org;garwhite
Chris;Kelley;eanderson@example.com;chrkelle
Alvin;Williams;stephenbrown@example.org;alvwilli
Cynthia;Butler;chelsea35@example.org;cynbutle
Austin;Greene;zwheeler@example.net;ausgreen
Deanna;Jenkins;davidglover@example.net;deajenki
Mary;Wilson;ysimpson@example.com;marwilso
William;Prince;judy79@example.org;wilprinc
Stacy;Barnes;tony82@example.net;stabarne
Clayton;Simmons;sdillon@example.com;clasimmo
Joan;Rios;michaelmcpherson@example.com;joarios
Steven;Mosley;dennis83@example.net;stemosle
Justin;Lee;wanda97@example.org;juslee
Michele;Nelson;christopher91@example.net;micnelso
Kristi;Bender;eshaw@example.org;kribende
Laura;Wood;gloriajordan@example.org;lauwood
Taylor;Anderson;brandon85@example.org;tayander
Ann;James;ballmark@example.com;annjames
James;Munoz;youngdaniel@example.net;jammunoz
Kim;Mcclure;emily95@example.org;kimmcclu
Gregory;Dunn;carterstacey@example.com;gredunn
Christopher;Williams;matthewchapman@example.com;chrwilli
Crystal;Walsh;bryansimmons@example.com;crywalsh
Chad;Rhodes;leechristina@example.org;charhode
Jessica;Villanueva;donna70@example.net;jesvilla
Kyle;Mccarthy;thomas30@example.org;kylmccar
Ashley;Jones;jacobwilliams@example.com;ashjones
Bob;Coleman;susan08@example.net;bobcolem
Stacey;Alvarado;edwardsjeremy@example.org;staalvar
Timothy;Vasquez;wallison@example.com;timvasqu
Ryan;Clark;walkerbrian@example.com;ryaclark
Anthony;Collins;danaroberts@example.org;antcolli
Amanda;Adams;pbradley@example.net;amaadams
Aaron;Lee;billy56@example.com;aarlee
Cathy;Suarez;christian94@example.org;catsuare
Allen;Chandler;wardtara@example.org;allchand
Rhonda;Brown;benjamin46@example.org;rhobrown
Brian;Dalton;miranda68@example.com;bridalto
Nicole;White;brandon90@example.org;nicwhite
James;Decker;adamsthomas@example.net;jamdecke
Ronald;Alexander;lauren55@example.com;ronalexa
Misty;Perry;jameschavez@example.net;misperry
Brian;Collins;henrykane@example.net;bricolli
Eric;Norris;christineramos@example.org;erinorri
Lisa;Wu;priceemma@example.net;liswu
Christopher;Bradley;kellywiggins@example.com;chrbradl
Deborah;Hunt;raykimberly@example.com;debhunt
Jimmy;Kent;berrymichael@example.net;jimkent
Thomas;Velazquez;hwilliams@example.org;thovelaz
Rebecca;Oneill;katelynhernandez@example.net;reboneil
Jennifer;Dean;whitneydavis@example.org;jendean
Luis;Craig;katherinehicks@example.org;luicraig
Janice;Davis;laura38@example.com;jandavis
Samuel;Grant;sarascott@example.net;samgrant
Jeremy;Smith;caleb52@example.com;jersmith1
Stephanie;Meyer;dominicanderson@example.net;stemeyer
Chelsea;Wilson;patrick87@example.net;chewilso
Michelle;Sanders;sarahlindsey@example.net;micsande
Brian;White;beanjonathan@example.com;briwhite
Theresa;Pratt;nicole23@example.net;thepratt
Carrie;Jackson;david11@example.org;carjacks
Megan;Boone;oallen@example.net;megboone
Mark;Mullins;anthony96@example.org;marmulli
Michael;Dixon;bestsarah@example.com;micdixon
Kimberly;Burnett;dawn97@example.com;kimburne
Jeffery;Hines;palmercraig@example.com;jefhines
Sandra;Clay;bensonjacqueline@example.net;sanclay
Jessica;Morris;michael37@example.net;jesmorri
Andrew;Hernandez;ggomez@example.com;andherna
Erica;Mcgee;hmorales@example.net;erimcgee
Kathleen;Hobbs;davisjoshua@example.net;kathobbs
Tiffany;Pierce;jeffadams@example.net;tifpierc
Connie;Rice;kristinmurphy@example.com;conrice
Elizabeth;Lambert;hannahgrant@example.com;elilambe
Thomas;Mcclure;williamsautumn@example.org;thomcclu
Brittany;Morgan;richard86@example.com;brimorga
Tara;Morse;nataliesmith@example.org;tarmorse
Lauren;Maldonado;christian08@example.net;laumaldo
Alexis;Reynolds;marybowman@example.com;alereyno
Angela;Ruiz;alicia02@example.org;angruiz
Jodi;Stevens;danmiller@example.com;jodsteve
Jack;Barrett;connie20@example.com;jacbarre
Tasha;Morgan;katelyn25@example.com;tasmorga
Gregory;Glover;roger01@example.org;greglove
Christopher;Wallace;robinsonpatrick@example.com;chrwalla
Thomas;Escobar;sarnold@example.com;thoescob
Debra;Meyer;timothyrosario@example.net;debmeyer
Marc;Fisher;nevans@example.net;marfishe
Darius;Harrison;andersonmary@example.org;darharri
Mary;Taylor;michaelhunt@example.com;martaylo
Jeffrey;Parsons;montoyaconnie@example.org;jefparso
Douglas;Horton;mark63@example.net;douhorto
Erica;Martin;mooreelizabeth@example.com;erimarti
Lauren;Blackwell;calebperry@example.com;laublack
Deborah;Morales;lbennett@example.net;debmoral
Vanessa;Jackson;caitlin02@example.net;vanjacks
Jennifer;Nguyen;carlaclark@example.com;jennguye
Robert;Jones;kaitlyncampbell@example.org;robjones
Charles;Hamilton;oortega@example.net;chahamil
Sharon;Williams;edwardcross@example.org;shawilli
Melissa;Lopez;gsanchez@example.org;mellopez
Bonnie;Pena;cbrown@example.com;bonpena
Jeffrey;Kemp;susan64@example.org;jefkemp
Andrea;Mcknight;bethany01@example.com;andmckni
Anthony;Williamson;brianna06@example.com;antwilli
Mark;King;timothy95@example.net;marking
John;Morris;xlucero@example.org;johmorri
Charles;Henson;sandrajohnson@example.org;chahenso
Bobby;Huang;dillongraves@example.org;bobhuang
Guy;Fletcher;lfuentes@example.org;guyfletc
Matthew;Bryant;joan96@example.net;matbryan
Michael;Wright;waltonbarry@example.com;micwrigh
Debra;Foster;pwright@example.net;debfoste
Douglas;Jensen;zachary01@example.com;doujense
Gary;Hood;ophillips@example.net;garhood
Kathleen;Dodson;johnny49@example.com;katdodso
Gina;Poole;vincentcolleen@example.org;ginpoole
Angelica;Church;shawnbird@example.com;angchurc
Jane;Martinez;kortiz@example.net;janmarti
Christopher;Crosby;nathan73@example.net;chrcrosb
Carrie;Gregory;youngmelissa@example.org;cargrego
Robert;Payne;fmyers@example.net;robpayne
Jared;Jones;qsmith@example.com;jarjones
Richard;Guerrero;christophersteele@example.org;ricguerr
Peter;Ware;monroemegan@example.net;petware
Christopher;Thomas;kennedybridget@example.net;chrthoma
Misty;Stevenson;donald55@example.net;missteve
Carolyn;Rocha;georgesalas@example.net;carrocha
Michelle;Schmidt;mmorales@example.com;micschmi
James;Jordan;ronalddixon@example.net;jamjorda
Michelle;Thomas;yknight@example.com;micthoma
Andrea;Patterson;joycemarie@example.org;andpatte
Mary;Whitaker;ihernandez@example.com;marwhita
Michael;Morgan;shawnhenderson@example.net;micmorga
Lindsay;Murphy;milleralexander@example.net;linmurph
Bill;Walker;miranda44@example.net;bilwalke
Amy;Mccoy;lisa70@example.org;amymccoy
April;Logan;diana05@example.com;aprlogan
Monique;Thompson;brittanybrown@example.com;monthomp
Monique;Ryan;andrewsjennifer@example.com;monryan
Jerry;Adams;ypayne@example.net;jeradams
Joseph;Cox;asmith@example.org;joscox
Kara;Perez;mccalljennifer@example.com;karperez
Joanna;Duke;amandawright@example.com;joaduke
Ryan;Price;lholmes@example.com;ryaprice
Sarah;Graham;taylor79@example.com;sargraha
Kayla;Garcia;agardner@example.org;kaygarci
Alexander;Moreno;ramirezmarc@example.org;alemoren
Jared;Miller;charles91@example.org;jarmille
Paul;Clarke;anthonyknight@example.net;pauclark
Tara;Jackson;scott93@example.net;tarjacks
Jacob;Nelson;brooke17@example.net;jacnelso
Ashley;Mosley;rmurray@example.net;ashmosle
Kevin;Mclean;lisa97@example.org;kevmclea
Zachary;Hunter;shannon53@example.com;zachunte
Juan;Lewis;xbowers@example.org;jualewis
Trevor;Walton;jessica50@example.net;trewalto
Teresa;Morris;james32@example.org;termorri
Paul;Blake;anoble@example.org;paublake
Rebecca;Williams;johnsonsuzanne@example.net;rebwilli
Amanda;King;penajohn@example.org;amaking
Timothy;Cooper;gregorywilliams@example.org;timcoope
Zachary;Meyer;adammarshall@example.org;zacmeyer
David;Lane;jasonknight@example.org;davlane
Aaron;Morris;cynthiadougherty@example.org;aarmorri
Wendy;Burns;michaelhunt@example.com;wenburns
Barbara;Yang;charlesvance@example.com;baryang
Joseph;Berry;garciarichard@example.net;josberry
Sarah;Fisher;rgarza@example.com;sarfishe
Brian;Wilson;ibuckley@example.org;briwilso
Ross;Summers;sgibson@example.org;rossumme
Cynthia;Ray;karencoleman@example.org;cynray
David;Flowers;mcgeeshawn@example.org;davflowe
Erika;Nelson;wherman@example.org;erinelso
Danielle;Jacobs;ryangross@example.com;danjacob
Adam;Estrada;williamsamy@example.org;adaestra
Ricky;Williams;zhale@example.org;ricwilli
Jose;Simon;bellhenry@example.org;jossimon
Kristina;Chambers;josephbaker@example.com;krichamb
Edward;Johnson;wpratt@example.org;edwjohns
Tiffany;Evans;rdyer@example.net;tifevans
Jennifer;Gonzalez;samantha14@example.com;jengonza
Mark;Francis;smithrobert@example.org;marfranc
Philip;Hayden;davidhorton@example.net;phihayde
Andrew;Coleman;shanemoore@example.com;andcolem
Daniel;Camacho;diazabigail@example.org;dancamac
Edward;Garza;dorisjohnson@example.net;edwgarza
Nathan;Hobbs;alex29@example.net;nathobbs
John;Welch;johnsonjames@example.net;johwelch
Nicholas;Jensen;cheryl55@example.net;nicjense
Kristi;Smith;sherman@example.com;krismith
Robyn;Leon;olewis@example.com;robleon
William;Alvarez;marywhite@example.com;wilalvar
Matthew;Rasmussen;spacheco@example.net;matrasmu
Mark;Schroeder;william74@example.com;marschro
Manuel;Weber;bellleslie@example.com;manweber
Laura;Brown;harrismadison@example.org;laubrown
Jenna;Harding;jperez@example.com;jenhardi
Scott;Romero;tmartin@example.org;scoromer
Brandon;Meyer;christopher75@example.com;brameyer
Chelsea;Hawkins;anthony83@example.org;chehawki
Aaron;Scott;karen26@example.com;aarscott
Meghan;Williams;brayashlee@example.com;megwilli
Pamela;Giles;walkerbrooke@example.net;pamgiles
Erica;Little;margaretchang@example.net;erilittl
Justin;Oneal;jennifer81@example.net;jusoneal
Antonio;Gentry;ashley52@example.org;antgentr
Anthony;Stevens;samuel07@example.net;antsteve
Gregory;Adams;jon71@example.net;greadams
Jaime;Foster;richardgarcia@example.com;jaifoste
Melvin;Gonzalez;ythompson@example.org;melgonza
Chelsea;Roman;jonessara@example.com;cheroman
Joshua;Henry;johnstonkristina@example.net;joshenry
Latoya;Black;ray83@example.net;latblack
Cristian;Smith;jonathon87@example.org;crismith
Danny;Shelton;ortegaadam@example.org;danshelt
Kevin;Roberts;cobbrichard@example.net;kevrober
Christian;Clarke;arnoldtracy@example.net;chrclark1
Craig;Graham;mistymccoy@example.org;cragraha
Dylan;Davis;sydney15@example.net;dyldavis
James;Smith;ericvalentine@example.com;jamsmith
Melinda;Johnson;bryan58@example.org;meljohns
David;Campbell;kelly56@example.net;davcampb
Joel;Cole;yfarmer@example.com;joecole
Jeffrey;Mercer;james34@example.com;jefmerce
Gloria;Gallagher;pdonovan@example.com;glogalla
Zachary;Jones;michaelnelson@example.org;zacjones
Jonathon;Proctor;caleb91@example.net;jonproct
Kevin;Williams;sean34@example.net;kevwilli
Travis;Weber;davidalexander@example.com;traweber
Angela;Walls;ywilliams@example.net;angwalls
Crystal;Nunez;qanderson@example.com;crynunez
Crystal;Pena;amartin@example.org;crypena
Sherry;Cox;zachary37@example.net;shecox
Thomas;Price;dawn82@example.com;thoprice
Steven;Lewis;lowens@example.net;stelewis
Michael;Gutierrez;crystal75@example.net;micgutie1
Christopher;Rowe;diaznicole@example.org;chrrowe
Norman;Flores;wwarren@example.org;norflore
Marie;Stuart;haydenking@example.org;marstuar
Jennifer;Hamilton;claire32@example.net;jenhamil
Kimberly;Gibbs;jmartin@example.org;kimgibbs
Austin;Mitchell;theresa29@example.org;ausmitch
Matthew;Kidd;ryan01@example.org;matkidd
Cody;Pearson;emoore@example.org;codpears
Deanna;Osborne;elizabethgreen@example.org;deaosbor
Donald;Thompson;qbauer@example.org;donthomp
Charles;Gibbs;cummingsmary@example.org;chagibbs
Nathaniel;Parks;craigharris@example.com;natparks
Spencer;Robbins;shannoneverett@example.com;sperobbi
Noah;Smith;george51@example.com;noasmith
Chris;Lester;keithwhite@example.net;chrleste
Patrick;Holt;bryanmoore@example.net;patholt
Anne;Lee;jaime46@example.net;annlee
Erica;Lewis;changrobert@example.org;erilewis
Daniel;Carpenter;markclark@example.net;dancarpe
Felicia;Parker;dickersondarrell@example.net;felparke
Pamela;Burton;tanya19@example.com;pamburto
Emily;Ayala;johncox@example.com;emiayala
Jennifer;Wallace;deborah42@example.net;jenwalla
Heather;Rush;judithhernandez@example.net;hearush
Matthew;Foster;jessicawhitney@example.net;matfoste
Joshua;Kennedy;uwilliams@example.net;joskenne
Brenda;Calderon;lori54@example.com;brecalde
Melissa;Wallace;cynthiathomas@example.com;melwalla
